item_id,english_name,display_name,telugu_name,hindi_name,category,sub_category,aliases,search_keywords,measurement_unit,shelf_life_days_ambient,shelf_life_days_refrigerated,shelf_life_days_frozen,recommended_storage,avg_weekly_consumption_pp,min_quantity,max_quantity,purchase_notes,common_household_usage,season_availability,popularity_score,calculation_priority,recommendation_notes
QTY-AP-LVE-0001,Sorrel Leaves (Gongura Red),Red Gongura,ఎర్ర గోంగూర,लाल अंबाडी,Leafy Vegetables,Acidic Greens,Red Gongura | Gongura Red | Lal Ambadi | Gogu Leaves,sour leafy greens | red stem gongura | gongura Pachadi,kg,1,3,NULL,Refrigerated,0.25,0.2,0.75,Stems should snap easily. Discard wilted leaves.,Gongura Pachadi | Gongura Pappu | Gongura Mamsam,Year-Round,10,1,
QTY-AP-LVE-0002,Sorrel Leaves (Gongura Green),Green Gongura,తెల్ల గోంగూర,सफ़ेद अंबाडी,Leafy Vegetables,Acidic Greens,Green Gongura | Gongura Green | Safed Ambadi | Gogu,mild sour greens | white stem gongura | gongura pickle,kg,1,3,NULL,Refrigerated,0.25,0.2,0.75,Fresh green leaves. Avoid dry stems.,Gongura Pachadi | Gongura Pappu,Year-Round,9,1,
QTY-AP-LVE-0003,Amaranth Leaves (Thotakura),Thotakura,తోటకూర,चौलाई,Leafy Vegetables,Neutral Greens,Thotakura | Amaranth Leaves | Chaulai | Green Amaranth,staple leafy green | thotakura fry | thotakura Pappu,kg,1,3,NULL,Refrigerated,0.3,0.2,0.8,"Stems should be tender, leaves bright green.",Thotakura Pappu | Thotakura Fry | Thotakura Pulusu,Year-Round,10,1,
QTY-AP-LVE-0004,Spinach (Palakura),Palakura,పాలకూర,पालक,Leafy Vegetables,Neutral Greens,Palakura | Spinach | Palak,winter greens | palak Pappu | spinach dal,kg,1,3,NULL,Refrigerated,0.25,0.2,0.6,Avoid leaves with yellow spots or insect damage.,Palakura Pappu | Palak Paneer,Year-Round,9,1,
QTY-AP-LVE-0005,Fenugreek Leaves (Menthi Kura),Menthi Kura,మెంతికూర,मेथी,Leafy Vegetables,Bitter Greens,Menthi Kura | Fenugreek Leaves | Methi | Menthi,bitter leafy green | methi Pappu | menthikura fry,kg,1,3,NULL,Refrigerated,0.2,0.1,0.5,Select small-leafed fresh bundles.,Menthi Kura Pappu | Menthikura Fry,Rabi,8,2,
QTY-AP-LVE-0006,Purslane Leaves (Gangabayalu Kura),Gangabayalu Kura,గంగబాయలు కూర,कुलफा,Leafy Vegetables,Neutral Greens,Gangabayalu Kura | Purslane | Kulfa | Gangabayala,thick stem greens | purslane dal | gangabayala Pappu,kg,1,3,NULL,Refrigerated,0.2,0.1,0.5,"Fleshy stems, crisp green leaves.",Gangabayalu Pappu | Gangabayalu Kura Fry,Year-Round,7,2,
QTY-AP-LVE-0007,Malabar Spinach (Bachali Kura),Bachali Kura,బచ్చలికూర,पोई साग,Leafy Vegetables,Neutral Greens,Bachali Kura | Malabar Spinach | Poi Saag | Bachali,climbing spinach | thick green leaves | kanda Bachali,kg,1,3,NULL,Refrigerated,0.25,0.2,0.8,"Thick fleshy leaves, purple or green stems.",Bachali Kura Pappu | Bachali Kura Kanda Pulusu,Year-Round,8,1,
QTY-AP-LVE-0008,Dill Leaves (Soa Kura),Soa Kura,సోయాకూర,सोया साग,Leafy Vegetables,Bitter Greens,Soa Kura | Dill Leaves | Soya Saag | Shepu,dill greens | aromatic herbs | soya kura fry,kg,1,3,NULL,Refrigerated,0.15,0.1,0.5,Fine thread-like fresh green leaves.,Soa Kura Pappu | Soa Kura Fry,Rabi,6,2,
QTY-AP-LVE-0009,Sorrel Spinach (Chukkakura),Chukkakura,చుక్కకూర,खट्टा पालक,Leafy Vegetables,Acidic Greens,Chukkakura | Khatta Palak | Country Sorrel,sour spinach | chukkakura Pappu | sour green dal,kg,1,3,NULL,Refrigerated,0.25,0.2,0.6,Select leaves that are green and crisp.,Chukkakura Pappu | Chukkakura Pachadi,Year-Round,8,1,
QTY-AP-LVE-0010,Curry Leaves (Karivepaku),Karivepaku,కరివేపాకు,कढ़ी पत्ता,Leafy Vegetables,Aromatics,Karivepaku | Curry Leaves | Kadi Patta,seasoning leaves | seasoning herb | talimpu,kg,3,7,NULL,Ambient Dry,0.05,0.05,0.2,Stiff green aromatic leaves.,Talimpu seasoning | Karivepaku Podi,Year-Round,10,2,
QTY-AP-LVE-0011,Coriander Leaves (Kothimera),Kothimera,కొత్తిమీర,हरा धनिया,Leafy Vegetables,Aromatics,Kothimera | Coriander | Dhania Patta | Cilantro,garnishing leaves | coriander pickle | dhaniya,kg,2,5,NULL,Refrigerated,0.1,0.05,0.25,"Bright green leaves, clean fresh aroma.",Kothimera Pachadi | Food Garnishing,Year-Round,10,2,
QTY-AP-LVE-0012,Mint Leaves (Pudina),Pudina,పుదీనా,पुदीना,Leafy Vegetables,Aromatics,Pudina | Mint | Mint Leaves | Spearmint,biryani garnish | mint chutney | pudina Pachadi,kg,2,5,NULL,Refrigerated,0.1,0.05,0.25,"Bright green leaves, strong aromatic fragrance.",Pudina Pachadi | Biryani Garnish | Pudina Chai,Year-Round,9,2,
QTY-AP-LVE-0013,Slender Amaranth (Koyya Thotakura),Koyya Thotakura,కొయ్య తోటకూర,काटेली चौलाई,Leafy Vegetables,Neutral Greens,Koyya Thotakura | Slender Amaranth | Kateli Chaulai,wild amaranth | koyya thotakura fry,kg,1,3,NULL,Refrigerated,0.2,0.1,0.5,Tender stems with fine green leaves.,Koyya Thotakura Fry | Koyyathotakura Pappu,Year-Round,6,2,
QTY-AP-LVE-0014,Sessile Joyweed (Ponnaganti Kura),Ponnaganti Kura,పొన్నగంటి కూర,गुदड़ी साग,Leafy Vegetables,Neutral Greens,Ponnaganti Kura | Joyweed | Ponnaganti | Gudri Saag,healthy greens | ponnaganti fry | eye health leaf,kg,1,3,NULL,Refrigerated,0.2,0.1,0.5,Crisp narrow green leaves.,Ponnaganti Fry | Ponnaganti Pappu,Year-Round,7,2,
QTY-AP-LVE-0015,Spring Onion Greens,Spring Onion Greens,ఉల్లికాడలు,हरे प्याज के पत्ते,Leafy Vegetables,Aromatics,Spring Onion Greens | Green Onion | Scallion Greens | Ullikadalu,onion stalks | chinese onion | ullikadalu fry,kg,2,5,NULL,Refrigerated,0.15,0.1,0.5,Fresh green hollow stalks.,Spring Onion Fry | Garnish,Year-Round,7,2,
QTY-AP-FVE-0016,Tomato (Country),Country Tomato,నాటు టమోటా,देशी टमाटर,Fruit Vegetables,Solanaceous,Country Tomato | Tomato Country | Natu Tomato | Desi Tamatar | Tomato,sour tomatoes | red gravy tomato | tomato Pachadi,kg,4,10,NULL,Ambient Ventilated,0.5,0.25,1.5,"Firm, juicy, reddish orange skins.",Tomato Pappu | Tomato Pachadi | Sambar | Charu,Year-Round,10,1,
QTY-AP-FVE-0017,Tomato (Hybrid),Hybrid Tomato,హైబ్రిడ్ టమోటా,हाइब्रिड टमाटर,Fruit Vegetables,Solanaceous,Hybrid Tomato | Tomato Hybrid | Form Tomato | Tamatar,thick pulp tomatoes | salad tomato | hybrid tamatar,kg,5,12,NULL,Ambient Ventilated,0.5,0.25,1.5,"Firm, dark red, thick skins.",Tomato Curry | Salad | Tomato Rice,Year-Round,9,1,
QTY-AP-FVE-0018,Brinjal (Round Green),Brinjal (Local),వంకాయ,बैंगन,Fruit Vegetables,Solanaceous,Brinjal Local | Round Green Brinjal | Vankaya | Baingan | Eggplant | Aubergine,purple vegetable | round vankaya | gutti vankaya,kg,3,7,NULL,Ambient Ventilated,0.4,0.25,1.0,Choose firm shiny skins without insect holes.,Gutti Vankaya Kura | Vankaya Fry | Vankaya Pachadi,Year-Round,10,1,
QTY-AP-FVE-0019,Brinjal (Long Purple),Long Purple Brinjal,పొడుగు వంకాయ,लंबा बैंगन,Fruit Vegetables,Solanaceous,Long Purple Brinjal | Long Eggplant | Aubergine Purple | Podugu Vankaya,purple brinjal | long vankaya | vankaya fry,kg,3,7,NULL,Ambient Ventilated,0.3,0.25,1.0,"Firm skins, green stalks, lightweight.",Vankaya Fry | Vankaya Pappu,Year-Round,8,1,
QTY-AP-FVE-0020,Lady's Finger (Bendakaya),Lady's Finger,బెండకాయ,भिंडी,Fruit Vegetables,Malvaceous,Lady's Finger | Okra | Lady Finger | Ladies Finger | Bhindi | Bendakaya,slimy green pod | bhindi fry | bendakaya pulusu | okra,kg,3,6,NULL,Refrigerated,0.35,0.25,1.0,Tip should snap easily indicating tenderness.,Bendakaya Fry | Bendakaya Pappu | Bendakaya Pulusu,Year-Round,10,1,
QTY-AP-FVE-0021,Capsicum (Green),Green Capsicum,క్యాప్సికమ్,शिमला मिर्च,Fruit Vegetables,Solanaceous,Capsicum | Green Capsicum | Bell Pepper | Shimla Mirch,green bell pepper | capsicum fry | stuffing chili,kg,4,10,NULL,Refrigerated,0.2,0.25,1.0,"Choose firm, shiny unblemished skin.",Capsicum Fry | Capsicum Masala | Fried Rice,Year-Round,8,2,
QTY-AP-FVE-0022,Capsicum (Red),Red Capsicum,ఎర్ర క్యాప్సికమ్,लाल शिमला मिर्च,Fruit Vegetables,Solanaceous,Red Capsicum | Red Bell Pepper | Lal Shimla Mirch,red capsicum | sweet pepper | color bell pepper,kg,4,10,NULL,Refrigerated,0.15,0.15,0.5,"Select firm, heavy peppers with green stems.",Salad | Stir Fry | Pasta Garnish,Year-Round,6,2,
QTY-AP-FVE-0023,Capsicum (Yellow),Yellow Capsicum,పసుపు క్యాప్సికమ్,पीली शिमला मिर्च,Fruit Vegetables,Solanaceous,Yellow Capsicum | Yellow Bell Pepper | Peeli Shimla Mirch,yellow capsicum | yellow pepper | color bell pepper,kg,4,10,NULL,Refrigerated,0.15,0.15,0.5,Select firm yellow skins.,Salad | Stir Fry | Fried Rice,Year-Round,6,2,
QTY-AP-FVE-0024,Yellow Cucumber (Dosakaya),Cucumber (Dosakaya),దోసకాయ,सफ़ेद ककड़ी,Fruit Vegetables,Cucurbits,Dosakaya | Yellow Cucumber | Local Cucumber | Dosakai,andhra cucumber | dosakaya Pappu | yellow round gourd,kg,7,14,NULL,Refrigerated,0.4,0.25,1.5,Select firm yellow-green gourds.,Dosakaya Pappu | Dosakaya Pachadi | Dosakaya Kura,Year-Round,9,1,
QTY-AP-FVE-0025,Salad Cucumber (Keera),Salad Cucumber,కీర దోసకాయ,खीरा,Fruit Vegetables,Cucurbits,Keera Dosakaya | Salad Cucumber | Green Cucumber | Kheera,raw salad cucumber | kheera salad | green cucumber,kg,4,8,NULL,Refrigerated,0.3,0.25,1.0,Choose firm slender cucumbers with dark skin.,Raw Salad | Cucumber Raita,Year-Round,8,2,
QTY-AP-FVE-0026,Raw Banana (Aratikaya),Raw Banana (Aratikaya),పచ్చి అరటికాయ,कच्चा केला,Fruit Vegetables,Musaceae,Raw Banana | Aratikaya | Green Plantain | Kacha Kela,banana fry | aratikaya bajji | raw aratikaya,kg,4,10,NULL,Ambient Ventilated,0.3,0.25,1.0,Stiff green skins without yellowing or spots.,Aratikaya Fry | Aratikaya Bajji | Aratikaya Pulusu,Year-Round,8,1,
QTY-AP-FVE-0027,Drumstick (Mulakkaya),Drumstick,ములక్కాయ,सहजन,Fruit Vegetables,Legumes,Drumstick | Mulakkaya | Moringa Pods | Sehjan | Sajana,sambar stick | mulakkaya Pappu | drumstick sambar,kg,4,8,NULL,Ambient Ventilated,0.25,0.25,0.75,Select thick but tender green pods.,Sambar | Mulakkaya Kura | Mulakkaya Pappu Charu,Year-Round,9,1,
QTY-AP-FVE-0028,Green Chilli (Mirapakaya),Green Chilli,పచ్చి మిరపకాయ,हरी मिर्च,Fruit Vegetables,Solanaceous,Green Chilli | Mirapakaya | Hari Mirch | Chilli,spicy pepper | seasoning chili | mirchi bajji,kg,7,15,NULL,Refrigerated,0.15,0.1,0.5,Select bright green stiff chillies.,Pachadi | Sambar seasoning | Mirchi Bajji,Year-Round,10,2,
QTY-AP-FVE-0029,Raw Mango (Mamidikaya),Raw Mango,పచ్చి మామిడికాయ,कच्चा आम,Fruit Vegetables,Anacardiaceae,Raw Mango | Green Mango | Mamidikaya | Kacha Aam,sour mango | mango Pachadi | mango Pappu | avakaya,kg,7,21,NULL,Ambient Ventilated,0.3,0.25,1.0,Firm hard mangoes with sour aroma.,Mamidikaya Pappu | Mango Pachadi | Avakaya pickle,Summer,9,2,
QTY-AP-FVE-0030,Green Jackfruit (Panasakaaya),Raw Jackfruit,పచ్చి పనసకాయ,कच्चा कटहल,Fruit Vegetables,Moraceae,Raw Jackfruit | Green Jackfruit | Panasakaaya | Kacha Kathal,jackfruit curry | panasakaya biryani | kathal,kg,3,7,NULL,Refrigerated,0.4,0.5,2.0,Select firm heavy raw segments without yellowing.,Panasakaya Biryani | Panasakaya Kura,Summer,5,2,
QTY-AP-RVE-0031,Potato (Bangaladumpa),Potato (Bangaladumpa),బంగాళాదుంప,आलू,Root Vegetables,Tubers,Potato | Bangaladumpa | Aloo | Alloo,staple potato | aloo fry | potato curry,kg,14,30,NULL,Ambient Dry,0.5,0.25,2.0,Choose smooth firm potatoes without sprouts.,Aloo Kurma | Bangaladumpa Fry | Aloo Samosa,Year-Round,10,1,
QTY-AP-RVE-0032,Sweet Potato (Genusudumpa),Sweet Potato (Genusudumpa),గెనుసుదుంప,शकरकंद,Root Vegetables,Tubers,Sweet Potato | Genusudumpa | Shakarkand | Genusu,boiled sweet potato | winter root | genusu fry,kg,10,20,NULL,Ambient Dry,0.3,0.25,1.0,Select firm dry tubers.,Boiled Sweet Potato | Genusudumpa Kura,Rabi,7,2,
QTY-AP-RVE-0033,Carrot (Carrot),Carrot (Carrot),క్యారెట్,गाजर,Root Vegetables,Taproots,Carrot | Gajar | Carot,orange root | carrot fry | carrot halwa,kg,7,14,NULL,Refrigerated,0.3,0.25,1.0,Select firm bright orange carrots.,Carrot Fry | Carrot Halwa | Carrot Salad,Year-Round,8,1,
QTY-AP-RVE-0034,Beetroot,Beetroot,బీట్‌రూట్,चुकंदर,Root Vegetables,Taproots,Beetroot | Chukandar | Bitroot,red root | beetroot fry | beetroot Pachadi,kg,7,14,NULL,Refrigerated,0.25,0.25,1.0,Hard smooth skin beetroot.,Beetroot Fry | Beetroot Pachadi | Beetroot Halwa,Year-Round,7,1,
QTY-AP-RVE-0035,White Radish (Mullangi),Radish (Mullangi),ముల్లంగి,मूली,Root Vegetables,Taproots,Radish | Mullangi | Mooli | White Radish,mullangi sambar | white root | mooli fry,kg,4,10,NULL,Refrigerated,0.25,0.25,1.0,Select crisp firm white roots.,Mullangi Sambar | Mullangi Fry | Mullangi Pachadi,Year-Round,7,1,
QTY-AP-RVE-0036,Red Radish,Red Radish,ఎర్ర ముల్లంగి,लाल मूली,Root Vegetables,Taproots,Red Radish | Lal Mooli | Local Radish Red,red radish | radish salad | small red root,kg,4,10,NULL,Refrigerated,0.2,0.15,0.5,Select firm small globes with crisp skins.,Salad | Pickle,Winter,5,2,
QTY-AP-RVE-0037,Taro Root (Chamadumpa),Taro Root,చామదుంప,अरबी,Root Vegetables,Tubers,Taro Root | Chamadumpa | Arbi | Chamagadda | Arvi,sticky root | chamadumpa fry | arbi curry | arbi fry,kg,14,30,NULL,Ambient Dry,0.3,0.25,1.5,Select hard tubers without soft spots.,Chamadumpa Pulusu | Chamadumpa Fry,Rabi,7,2,
QTY-AP-RVE-0038,Yam (Kanda),Yam (Kanda),కంద,जिमीकंद,Root Vegetables,Tubers,Yam | Kanda | Elephant Yam | Suran | Jimikand | Kandagadda,yam fry | kanda fry | suran kura,kg,14,45,NULL,Ambient Dry,0.3,0.25,1.5,"Select hard dry roots, avoid cut pieces with rot.",Kanda Bachali Kura | Kanda Fry | Jimikand Curry,Year-Round,7,1,
QTY-AP-RVE-0039,Tapioca (Karra Pendalam),Tapioca,కర్రపెండలం,साबूदाना जड़,Root Vegetables,Tubers,Tapioca | Karra Pendalam | Cassava root | Sabudana root,tapioca boil | cassava fry | karrapendalam,kg,7,14,NULL,Ambient Dry,0.4,0.5,2.0,Firm roots with clean white flesh inside.,Boiled Tapioca | Tapioca Chips,Winter,6,2,
QTY-AP-RVE-0040,Colocasia Leaves,Colocasia Leaves,చామ ఆకులు,अरबी के पत्ते,Root Vegetables,Neutral Greens,Colocasia Leaves | Taro Leaves | Arbi Patta | Chama Akulu,patra leaves | chama akula fry,kg,1,3,NULL,Refrigerated,0.15,0.1,0.4,Fresh green heart-shaped leaves.,Patra | Chama Akulu Pappu,Monsoon,5,2,
QTY-AP-RVE-0041,Ginger (Allam),Ginger (Allam),అల్లం,अदरक,Root Vegetables,Tubers,Ginger | Allam | Adrak,ginger spice | allam Pachadi | ginger garlic paste,kg,7,21,NULL,Ambient Dry,0.1,0.1,0.5,Select hard firm ginger roots.,Allam Pachadi | Ginger Garlic Paste | Ginger Tea,Year-Round,9,2,
QTY-AP-RVE-0042,Garlic (Vellulli),Garlic (Vellulli),వెల్లుల్లి,लहसुन,Root Vegetables,Allium,Garlic | Vellulli | Lahsun,garlic bulb | seasoning garlic | vellulli karam,kg,30,60,NULL,Ambient Dry,0.1,0.1,0.5,Select firm dry garlic bulbs.,Vellulli Karam | Seasoning talimpu,Year-Round,9,2,
QTY-AP-RVE-0043,Colocasia Stem (Chama Kada),Colocasia Stem,చామ కాడ,अरबी की डंडी,Root Vegetables,Neutral Greens,Colocasia Stem | Taro Stem | Chama Kada,chama kada pulusu | colocasia stem curry,kg,2,5,NULL,Refrigerated,0.25,0.25,0.8,Fresh green stalks.,Chama Kada Pulusu,Monsoon,4,2,
QTY-AP-RVE-0044,Raw Turmeric (Pasupu Kommu),Raw Turmeric,పచ్చి పసుపు కొమ్ము,कच्ची हल्दी,Root Vegetables,Tubers,Raw Turmeric | Turmeric root | Pasupu Kommu | Kachi Haldi,haldi root | fresh turmeric | pasupu pickle,kg,10,30,NULL,Ambient Dry,0.05,0.05,0.2,Firm yellow root stalks.,Turmeric Pickle | Health Drinks,Winter,6,2,
QTY-AP-RVE-0045,Turnip,Turnip,టర్నిప్,शलजम,Root Vegetables,Taproots,Turnip | Shalgam | Turnip root,winter turnip | turnip Sambar,kg,7,14,NULL,Refrigerated,0.2,0.25,1.0,Select smooth firm white-purple roots.,Turnip Sambar | Turnip Kura,Rabi,5,2,
QTY-AP-GOU-0046,Bottle Gourd (Sorakaya),Bottle Gourd,సొరకాయ,लौकी,Gourds,Cucurbits,Bottle Gourd | Sorakaya | Lauki | Kaddu | Anapakaya,long green gourd | sorakaya Pappu | lauki halwa,kg,5,10,NULL,Ambient Ventilated,0.4,0.5,1.5,Skin should be smooth and light green.,Sorakaya Pappu | Sorakaya Pulusu | Lauki Halwa,Year-Round,9,1,
QTY-AP-GOU-0047,Ridge Gourd (Beerakaya),Ridge Gourd,బీరకాయ,तुरई,Gourds,Cucurbits,Ridge Gourd | Beerakaya | Turai | Dodka,ridged vegetable | beerakaya fry | beerakaya Pappu,kg,3,7,NULL,Refrigerated,0.35,0.25,1.0,Select firm green gourds without soft spots.,Beerakaya Fry | Beerakaya Pappu | Beerakaya Pachadi,Year-Round,9,1,
QTY-AP-GOU-0048,Bitter Gourd (Kakarakaya),Bitter Gourd,కాకరకాయ,करेला,Gourds,Cucurbits,Bitter Gourd | Kakarakaya | Karela | Bitter melon,bitter gourd | karela fry | kakarakaya fry,kg,5,10,NULL,Ambient Ventilated,0.25,0.25,0.75,Firm skin with green ridges.,Kakarakaya Fry | Kakarakaya Pulusu | Kakarakaya pickle,Year-Round,8,2,
QTY-AP-GOU-0049,Snake Gourd (Potlakaya),Snake Gourd,పొట్లకాయ,चिचिंडा,Gourds,Cucurbits,Snake Gourd | Potlakaya | Chichinda | Padwal,long snake gourd | potlakaya fry | snake gourd yogurt,kg,3,7,NULL,Refrigerated,0.25,0.25,1.0,Choose long green gourds without yellowing.,Potlakaya Fry | Potlakaya Perugu Pachadi,Year-Round,8,1,
QTY-AP-GOU-0050,Pointed Gourd (Parval),Pointed Gourd,పటోలా,परवल,Gourds,Cucurbits,Pointed Gourd | Parval | Patola | Potol,pointed gourd | parval fry | patola masala,kg,3,7,NULL,Refrigerated,0.25,0.25,0.75,Select bright green firm gourds.,Parval Fry | Parval Masala,Kharif,5,2,
QTY-AP-GOU-0051,Ivy Gourd (Dondakaya),Ivy Gourd,దొండకాయ,कुंदरू,Gourds,Cucurbits,Ivy Gourd | Dondakaya | Kundru | Coccinia | Tendli | Okra,small green gourd | dondakaya fry | kundru fry,kg,4,8,NULL,Refrigerated,0.35,0.25,1.0,"Choose firm green gourds, avoid yellow/soft ones.",Dondakaya Fry | Dondakaya Pachadi | Dondakaya Kura,Year-Round,9,1,
QTY-AP-GOU-0052,Ash Gourd (Boodida Gummadikaya),Ash Gourd,బూడిద గుమ్మడికాయ,पेठा,Gourds,Cucurbits,Ash Gourd | Boodida Gummadikaya | Petha | Winter Melon | White Pumpkin,white gourd | boodida gummadikaya vadiyalu | majjiga pulusu,kg,14,30,NULL,Ambient Dry,0.3,0.5,2.0,Select firm heavy white ash-coated gourds.,Boodida Gummadikaya Vadiyalu | Majjiga Pulusu | Petha Sweet,Year-Round,8,1,
QTY-AP-GOU-0053,Pumpkin (Gummadikaya),Pumpkin,గుమ్మడికాయ,कद्दू,Gourds,Cucurbits,Pumpkin | Gummadikaya | Kaddu | Red Pumpkin | Yellow Pumpkin,sweet pumpkin | gummadikaya kura | pumpkin sambar,kg,7,20,NULL,Ambient Ventilated,0.35,0.5,2.0,Select heavy hard gourds with deep orange/green color.,Gummadikaya Kura | Pumpkin Sambar | Sweet Halwa,Year-Round,8,1,
QTY-AP-GOU-0054,Sponge Gourd (Neti Beerakaya),Sponge Gourd,నేతి బీరకాయ,गलका,Gourds,Cucurbits,Sponge Gourd | Neti Beerakaya | Luffa | Gilki | Galka,smooth beerakaya | neti beerakaya fry,kg,3,7,NULL,Refrigerated,0.3,0.25,1.0,Select tender green sponge gourds.,Neti Beerakaya Fry | Neti Beerakaya Pappu,Year-Round,7,2,
QTY-AP-GOU-0055,Spine Gourd (Boda Kakarakaya),Spine Gourd,ఆగాకరకాయ,कंटोला,Gourds,Cucurbits,Spine Gourd | Boda Kakarakaya | Kantola | Agakarakaya | Kakrol,wild bitter gourd | agakaraka fry | boda kakarakaya,kg,3,7,NULL,Refrigerated,0.25,0.25,0.75,"Small spiny green gourds, choose firm ones.",Boda Kakarakaya Fry | Boda Kakarakaya Kura,Monsoon,8,2,
QTY-AP-GOU-0056,Apple Gourd (Tinda),Apple Gourd,టిండా,टिंडा,Gourds,Cucurbits,Apple Gourd | Tinda | Round Gourd | Dilpasand,tinda curry | round gourd fry,kg,4,8,NULL,Refrigerated,0.2,0.25,1.0,Select small firm round tinas.,Tinda Curry | Masala Tinda,Summer,5,2,
QTY-AP-GOU-0057,Chayote (Chow Chow),Chayote,బెంగళూరు వంకాయ,इस्कूस,Gourds,Cucurbits,Chayote | Chow Chow | Bangalore Vankaya | Iskus | Pear Gourd,bangalore vankaya | chow chow sambar,kg,5,12,NULL,Refrigerated,0.3,0.25,1.0,Select firm pear-shaped light green gourds.,Chow Chow Sambar | Chow Chow Kootu,Year-Round,7,2,
QTY-AP-GOU-0058,Gherkin (Ivy Gourd Small),Gherkin,చిన్న దొండకాయ,कुंदरू छोटा,Gourds,Cucurbits,Gherkin | Ivy Gourd Small | Barik Kundru,small tendli | gherkin fry,kg,3,7,NULL,Refrigerated,0.25,0.25,0.75,Select fresh thin baby gourds.,Pickle | Fry,Year-Round,5,2,
QTY-AP-GOU-0059,Wax Gourd,Wax Gourd,తెల్ల గుమ్మడికాయ,सफ़ेद कद्दू,Gourds,Cucurbits,Wax Gourd | White Gourd | Ash Pumpkin,white pumpkin | wax gourd curry,kg,14,30,NULL,Ambient Dry,0.3,0.5,1.5,Select firm heavy gourds.,Wax Gourd Curry | Majjiga Pulusu,Year-Round,5,2,
QTY-AP-GOU-0060,Wild Melon (Kura Dosakaya),Wild Melon,కూర దోస,ककड़ी सब्जी,Gourds,Cucurbits,Wild Melon | Kura Dosakaya | Field Cucumber,field cucumber | kura dosa Pachadi,kg,7,14,NULL,Ambient Ventilated,0.35,0.25,1.0,Choose firm dark-skinned melons.,Wild Melon Pachadi | Wild Melon Pappu,Kharif,6,2,
QTY-AP-BNS-0061,Broad Beans (Chikkudukaya),Broad Beans,చిక్కుడుకాయ,सेम,Beans & Pods,Legumes,Broad Beans | Chikkudukaya | Sem ki phali | Sem | Chikkudu,broad beans | flat bean pod | chikkudukaya fry,kg,3,7,NULL,Refrigerated,0.3,0.25,1.0,Choose flat green pods without insect marks.,Chikkudukaya Fry | Chikkudukaya Tomato Curry,Kharif | Rabi,9,1,
QTY-AP-BNS-0062,Cluster Beans (Goru Chikkudu),Cluster Beans,గోరు చిక్కుడు,ग्वार फली,Beans & Pods,Legumes,Cluster Beans | Goru Chikkudu | Gwar phali | Goruchikkudu,guar pods | goruchikkudu fry | cluster bean pod,kg,3,6,NULL,Refrigerated,0.25,0.25,0.75,Choose tender green pods.,Goru Chikkudu Fry | Goruchikkudu Kura,Year-Round,8,2,
QTY-AP-BNS-0063,French Beans (Beans),French Beans,ఫ్రెంచ్ బీన్స్,फ्रांस बीन,Beans & Pods,Legumes,French Beans | Beans | Green Beans | Pharasbi,french beans fry | standard beans | beans aloo,kg,3,7,NULL,Refrigerated,0.2,0.25,1.0,Slender green pods that snap easily.,Beans Fry | Beans Tomato Curry | Pulao,Year-Round,8,1,
QTY-AP-BNS-0064,Green Peas (Batani),Green Peas,పచ్చి బఠాణీలు,हरी मटर,Beans & Pods,Legumes,Green Peas | Batani | Pacchi Batani | Hari Matar | Matar,fresh green peas | batani curry | aloo matar,kg,3,7,90,Refrigerated,0.2,0.25,1.0,"Bright green full pods, avoid yellowing.",Batani Curry | Aloo Matar | Veg Biryani,Winter,9,2,
QTY-AP-BNS-0065,Cowpea Pods (Alasandalu),Cowpea Pods,అలసంద కాయలు,लोबिया फली,Beans & Pods,Legumes,Cowpea Pods | Alasandalu | Lobia Phali | Long Beans,long green lobia | alasandala pod | alasandala fry,kg,3,7,NULL,Refrigerated,0.25,0.25,1.0,Tender green long pods.,Alasandala Fry | Alasandala Pulusu,Year-Round,7,2,
QTY-AP-BNS-0066,Double Beans,Double Beans,చిక్కుడు గింజలు,डबल बीन्स,Beans & Pods,Legumes,Double Beans | Lima Beans Large | Butter Beans,large double beans | double beans curry,kg,3,7,NULL,Refrigerated,0.2,0.2,0.7,Select fresh pods with plump double seeds.,Double Beans Kurma | Double Beans Fry,Winter,6,2,
QTY-AP-BNS-0067,Soybeans Raw,Raw Soybeans,పచ్చి సోయాబీన్స్,हरी सोयाबीन,Beans & Pods,Legumes,Soybeans Raw | Green Edamame | Pacchi Soyabeans,green soy | raw edamame | soy curry,kg,3,7,90,Refrigerated,0.2,0.25,0.8,Select fuzzy green pods with plump seeds.,Boiled Soyabeans | Soyabean Curry,Year-Round,5,2,
QTY-AP-BNS-0068,Lima Beans (Val),Lima Beans,లిమా బీన్స్,सफ़ेद सेम,Beans & Pods,Legumes,Lima Beans | Val Beans | Sem Beans,white lima beans | lima beans fry,kg,3,7,NULL,Refrigerated,0.2,0.2,0.8,Choose fresh firm flat green pods.,Lima Beans Curry | Sambar,Winter,5,2,
QTY-AP-BNS-0069,Green Chickpea Pods,Green Chickpea Pods,పచ్చి శనగ కాయలు,हरा चना फली,Beans & Pods,Legumes,Green Chickpea Pods | Pacchi Senagalu | Harbhara Pods,fresh green chana | raw chickpea pods | senaga kayalu,kg,4,8,NULL,Ambient Ventilated,0.3,0.25,1.0,Fresh green leafy pods.,Boiled Senagalu | Roasted Chana,Winter,7,2,
QTY-AP-BNS-0070,Field Beans (Anapakayalu),Field Beans,అనపకాయలు,वैल फली,Beans & Pods,Legumes,Field Beans | Anapakayalu | Val Pods | Anapa Pods,rayalaseema bean | anapa fry | anapakaya curry,kg,3,7,NULL,Refrigerated,0.3,0.25,1.0,"Flat green pods, check for worms.",Anapakaya Fry | Anapakaya Kudumulu,Winter,9,1,
QTY-AP-BNS-0071,Yardlong Beans,Yardlong Beans,పొడుగు అలసందలు,बोड़ा फली,Beans & Pods,Legumes,Yardlong Beans | Yard long Beans | Asparagus Beans | Boda Phali,extra long beans | yardlong fry | boda curry,kg,3,7,NULL,Refrigerated,0.25,0.25,0.8,"Select thin, crisp long beans.",Alasandala Fry | Yardlong Beans Curry,Year-Round,7,2,
QTY-AP-BNS-0072,Winged Beans,Winged Beans,రెక్కల చిక్కుడు,चौकोनी सेम,Beans & Pods,Legumes,Winged Beans | Rekkala Chikkudu | Four angled bean | Goa bean,winged bean fry | rekkala chikkudu curry,kg,3,7,NULL,Refrigerated,0.2,0.2,0.6,Choose bright green pods with soft wings.,Rekkala Chikkudu Fry | Sambar,Winter,5,2,
QTY-AP-BLB-0073,Red Onion (Ullipaya),Onion,ఉల్లిపాయలు,प्याज़,Bulbs & Aromatics,Allium,Onion | Red Onion | Ullipayalu | Pyaz | Gandha,onion bulbs | red onion | base gravy onion | ullipaya,kg,21,45,NULL,Ambient Dry,1.0,0.5,3.0,Select dry hard onions without soft spots.,Ullipaya Fry | Base Curry Gravy | Sambar | Biryani,Year-Round,10,1,
QTY-AP-BLB-0074,White Onion,White Onion,తెల్ల ఉల్లిపాయ,सफ़ेद प्याज़,Bulbs & Aromatics,Allium,White Onion | Safed Pyaz | Tella Ullipaya,sweet white onion | summer onion,kg,14,30,NULL,Ambient Dry,0.5,0.25,1.5,"Choose firm, white globes with clean outer skins.",Salad | Summer Cool drinks,Summer,6,2,
QTY-AP-BLB-0075,Sambar Onions (Shallots),Small Onions,సాంబార్ ఉల్లిపాయలు,छोटा प्याज़,Bulbs & Aromatics,Allium,Sambar Onions | Shallots | Small Onions | Madras Onions | Choti Pyaz,sambar ullipayalu | shallot bulbs | baby onions,kg,21,45,NULL,Ambient Dry,0.3,0.25,1.0,Select firm small bulbs.,Sambar seasoning | Whole Onion Curry,Year-Round,9,2,
QTY-AP-BLB-0076,Garlic Indian,Garlic Indian,నాటు వెల్లుల్లి,देशी लहसुन,Bulbs & Aromatics,Allium,Garlic Indian | Natu Vellulli | Indian Garlic,small garlic cloves | seasoning garlic,kg,30,60,NULL,Ambient Dry,0.1,0.05,0.3,Select dry small-cloved garlic bulbs.,Seasoning talimpu,Year-Round,8,2,
QTY-AP-BLB-0077,Garlic Pearl,Garlic Pearl,ఒంటి పాయ వెల్లుల్లి,एक कली लहसुन,Bulbs & Aromatics,Allium,Garlic Pearl | Pearl Garlic | Single Clove Garlic,medicinal garlic | pearl garlic bulb,kg,30,60,NULL,Ambient Dry,0.05,0.05,0.2,Choose dry clean single-clove garlic bulbs.,Herbal Remedy | Garnish,Year-Round,5,2,
QTY-AP-BLB-0078,Ginger Local,Ginger Local,నాటు అల్లం,देशी अदरक,Bulbs & Aromatics,Zingiberaceae,Ginger Local | Natu Allam | Indian Ginger,local ginger | spice paste,kg,7,21,NULL,Ambient Dry,0.1,0.05,0.3,Select fresh dry fibrous ginger roots.,Allam Pachadi | Ginger Garlic Paste,Year-Round,8,2,
QTY-AP-BLB-0079,Leeks,Leeks,లీక్స్,लीक,Bulbs & Aromatics,Allium,Leeks | Green Leeks | Onion Leeks,soup leeks | mild onion flavor,kg,5,12,NULL,Refrigerated,0.15,0.1,0.5,Choose crisp white stalks with green leaves.,Leek Soup | Stir Fry,Year-Round,5,2,
QTY-AP-BLB-0080,Scallions,Scallions,ఉల్లిపాయ కాడలు,हरा प्याज,Bulbs & Aromatics,Allium,Scallions | Green Onions | Scallion bulbs,scallion garnish | salad scallions,kg,2,5,NULL,Refrigerated,0.15,0.1,0.4,Select crisp stems with clean roots.,Salad Garnish | Fried Rice,Year-Round,6,2,
QTY-AP-BLB-0081,Fennel Bulb,Fennel Bulb,సోంపు దుంప,सौंफ की जड़,Bulbs & Aromatics,Zingiberaceae,Fennel Bulb | Sompu Dumpa | Anise Bulb,fennel salad | licorice flavor bulb,kg,5,12,NULL,Refrigerated,0.2,0.15,0.5,Crisp firm white-green bulbs.,Salads | Roasted Fennel,Winter,4,2,
QTY-AP-BLB-0082,Chives,Chives,ఉల్లి పూలు,चाइव्स,Bulbs & Aromatics,Allium,Chives | Onion Chives | Garlic Chives,chive garnish | thin grass herbs,kg,2,5,NULL,Refrigerated,0.05,0.05,0.2,Select green grass-like stalks.,Egg Garnish | Salad,Year-Round,5,2,
QTY-AP-HRB-0083,Lemongrass,Lemongrass,నిమ్మగడ్డి,लेमनग्रास,Herbs,Culinary Herbs,Lemongrass | Nimmagaddi | Lemon grass,tea herb | herbal lemongrass | ginger grass,kg,3,10,NULL,Refrigerated,0.05,0.05,0.2,Fresh green stalks.,Herbal Tea | Soups,Year-Round,5,2,
QTY-AP-HRB-0084,Sweet Basil (Sabza),Sweet Basil,సబ్జా ఆకులు,तुलसी के बीज पत्ते,Herbs,Culinary Herbs,Sweet Basil | Sabza Leaves | Basil,basil leaves | sabza leaves | italian basil,kg,2,5,NULL,Refrigerated,0.05,0.05,0.2,Unblemished green aromatic leaves.,Garnish | Pesto,Year-Round,5,2,
QTY-AP-HRB-0085,Carom Leaves (Vamu Akulu),Oregano Leaves,వాము ఆకులు,अजवाइन के पत्ते,Herbs,Culinary Herbs,Oregano Leaves | Vamu Akulu | Ajwain Leaves | Indian Borage,ajwain leaves | vamu bajji | thick herb leaves,kg,2,6,NULL,Refrigerated,0.1,0.05,0.3,Thick juicy green leaves.,Vamu Aku Bajji | Cough Remedy,Year-Round,6,2,
QTY-AP-HRB-0086,Tulsi Leaves,Tulsi Leaves,తులసి ఆకులు,तुलसी,Herbs,Culinary Herbs,Tulsi Leaves | Holy Basil | Tulasi,holy basil | tulsi tea | cough relief,kg,3,7,NULL,Ambient Dry,0.05,0.05,0.2,Select aromatic fresh tulsi leaves.,Tulsi Tea | Home Remedy,Year-Round,7,2,
QTY-AP-HRB-0087,Betel Leaves (Tamalapakulu),Betel Leaves,తమలపాకులు,पान,Herbs,Culinary Herbs,Betel Leaves | Tamalapakulu | Paan Leaves | Paan,tambulam leaves | digestive leaves | fresh paan,kg,3,7,NULL,Ambient Ventilated,0.05,0.05,0.2,Shiny heart-shaped fresh green leaves.,Tambulam digestive | Betel leaf bajji,Year-Round,8,2,
QTY-AP-HRB-0088,Bay Leaves (Biryani Aku),Bay Leaves,బిరియాని ఆకు,तेजपत्ता,Herbs,Culinary Herbs,Bay Leaves | Biryani Aku | Tejpatta,aromatic spice leaf | biryani leaf,kg,30,60,NULL,Ambient Dry,0.02,0.01,0.1,Dry aromatic brown/green leaves.,Biryani seasoning | Rice Pulao,Year-Round,9,2,
QTY-AP-HRB-0089,Celery Leaves,Celery Leaves,సెలెరీ ఆకులు,अजमोद,Herbs,Culinary Herbs,Celery Leaves | Ajmod | Celery stalks,celery soup | raw garnish celery,kg,3,7,NULL,Refrigerated,0.1,0.05,0.3,Fresh green stalks with leaves.,Soup garnish | Salad,Year-Round,5,2,
QTY-AP-HRB-0090,Mint Spearmint,Mint Spearmint,మధుర పుదీనా,पहाड़ी पुदीना,Herbs,Culinary Herbs,Mint Spearmint | Spearmint | Pudina Aromatic,spearmint tea | fresh pudina,kg,2,5,NULL,Refrigerated,0.08,0.05,0.2,Select fragrant green leaves.,Tea garnish | Salad,Year-Round,6,2,
QTY-AP-MSH-0091,Button Mushroom,Button Mushroom,పుట్టగొడుగులు,बटन मशरूम,Mushrooms,Fungi,Button Mushroom | White Mushroom | Puttagodugulu | Mashroom,white mushroom | mushroom masala | puttagodugula curry,kg,1,3,NULL,Refrigerated,0.2,0.2,0.5,Select white dry firm caps.,Mushroom Masala | Mushroom Fry | Mushroom Soup,Year-Round,9,2,
QTY-AP-MSH-0092,Oyster Mushroom,Oyster Mushroom,చిప్ప పుట్టగొడుగులు,ऑयस्टर मशरूम,Mushrooms,Fungi,Oyster Mushroom | Grey Mushroom | Chippa Puttagodugulu,grey oyster mushroom | oyster fry,kg,1,3,NULL,Refrigerated,0.2,0.2,0.5,"Fresh clean grey caps, dry roots.",Oyster Mushroom Stir Fry | Soup,Year-Round,6,2,
QTY-AP-MSH-0093,Milky Mushroom,Milky Mushroom,పాలు పుట్టగొడుగులు,दूधिया मशरूम,Mushrooms,Fungi,Milky Mushroom | White Milky Mushroom | Palu Puttagodugulu,summer white mushroom | milky fry,kg,2,5,NULL,Refrigerated,0.2,0.2,0.5,Large firm pure white mushrooms.,Milky Mushroom Curry | Fry,Summer,6,2,
QTY-AP-MSH-0094,Portobello Mushroom,Portobello Mushroom,పెద్ద పుట్టగొడుగులు,पोर्टोबेलो मशरूम,Mushrooms,Fungi,Portobello Mushroom | Large Mushroom | Brown Button,big brown mushroom | stuffed portobello,kg,1,3,NULL,Refrigerated,0.25,0.2,0.6,Select large brown firm caps.,Grill Mushroom | Stuffing,Year-Round,5,2,
QTY-AP-MSH-0095,Shiitake Mushroom,Shiitake Mushroom,షిటాకే పుట్టగొడుగులు,शिटाके मशरूम,Mushrooms,Fungi,Shiitake Mushroom | Dried Shiitake | Chinese Mushroom,umami mushroom | soup shiitake,kg,2,5,90,Refrigerated,0.15,0.15,0.5,Select firm dark brown caps.,Umami Soup | Stir Fry,Year-Round,5,2,
QTY-AP-MEA-0096,Chicken (With Bone),Chicken (With Bone),కోడి మాంసం,चिकन हड्डी वाला,Meat,Poultry,Chicken | Chicken With Bone | Kodi Kura | Murgi | Kodi Mansam,fresh chicken | broiler chicken | chicken curry | chicken biryani | kodi fry,kg,0,1,90,Refrigerated,0.5,0.5,2.0,"Ensure pinkish hue, avoid any off odor.",Kodi Kura | Chicken Fry | Chicken Biryani,Year-Round,10,1,
QTY-AP-MEA-0097,Chicken (Boneless),Chicken Boneless,బోన్‌లెస్ చికెన్,चिकन बिना हड्डी,Meat,Poultry,Chicken Boneless | Boneless Chicken | Breast fillet | Murgi Boneless,chicken pakoda | boneless fillet | chicken tikka,kg,0,1,90,Refrigerated,0.4,0.5,1.5,Soft pink clean fillets.,Chicken Pakodi | Boneless Gravy | Chicken Tikka,Year-Round,9,1,
QTY-AP-MEA-0098,Country Chicken (Natu Kodi),Country Chicken,నాటుకోడి,देशी मुर्गा,Meat,Poultry,Country Chicken | Natu Kodi | Natu Kodi Pulusu | Desi Chicken,rayalaseema chicken | natu kodi fry | desi murg,kg,0,1,90,Refrigerated,0.5,0.5,2.0,"Tougher meat texture, fresh cut.",Natu Kodi Pulusu | Natu Kodi Biryani | Natu Kodi Vepudu,Year-Round,9,1,
QTY-AP-MEA-0099,Mutton (Goat),Mutton (Goat),మేక మాంసం,बकरी का मीट,Meat,Red Meat,Mutton Goat | Goat Meat | Mamsam Kura | Bakra Meat | Mutton,fresh mutton | goat meat curry | mutton biryani | mutton keema,kg,0,1,90,Refrigerated,0.6,0.5,2.0,"Fresh pinkish-red meat, firm structure.",Mamsam Kura | Mutton Biryani | Mutton Vepudu,Year-Round,9,1,
QTY-AP-MEA-0100,Mutton (Lamb),Mutton (Lamb),గొర్రె మాంసం,भेड़ का मीट,Meat,Red Meat,Mutton Lamb | Lamb Meat | Gorre Mamsam | Mutton Lamb,lamb curry | lamb chops | tender mutton,kg,0,1,90,Refrigerated,0.6,0.5,2.0,Select tender pale red meat.,Lamb Curry | Lamb Chops,Year-Round,7,2,
QTY-AP-MEA-0101,Minced Meat (Keema),Mutton Keema,ఖీమా,कीमा,Meat,Red Meat,Keema | Minced Meat | Mutton Keema | Kheema,mutton keema curry | minced goat meat | keema roti,kg,0,1,90,Refrigerated,0.4,0.25,1.5,Fresh finely minced meat.,Keema Curry | Keema Ball Fry,Year-Round,8,2,
QTY-AP-MEA-0102,Duck Meat,Duck Meat,బాతు మాంసం,बतख का मीट,Meat,Red Meat,Duck Meat | Batu Mamsam | Batakh Meat,duck curry | country duck meat,kg,0,1,90,Refrigerated,0.5,0.5,2.0,Fresh thick duck meat.,Batu Kura | Duck Fry,Winter,5,2,
QTY-AP-MEA-0103,Quail Meat,Quail Meat,కౌజు పిట్ట మాంసం,बटेर का मीट,Meat,Poultry,Quail Meat | Kowju Pitta Mamsam | Bater Meat,quail fry | small bird meat,kg,0,1,90,Refrigerated,0.3,0.25,1.0,Choose clean dressed quail birds.,Kowju Pitta Fry | Curry,Year-Round,6,2,
QTY-AP-FIS-0104,Striped Snakehead (Korrameenu),Fish (Korrameenu),కొర్రమీను,मुर्रेल मछली,Fish,Freshwater,Korrameenu | Striped Snakehead | Murrel | Korramenu Fish,freshwater fish | korrameenu pulusu | korrameenu fry | mud fish,kg,0,2,90,Refrigerated,0.6,0.5,2.5,"Clear eyes, red gills, firm springy flesh.",Chepala Pulusu | Chepala Vepudu,Kharif | Rabi,9,1,
QTY-AP-FIS-0105,Rohu (Seelaa),Fish (Rohu),శీలావతి,रोहू मछली,Fish,Freshwater,Rohu | Seelaa | Sheelavathi | Rohu Fish,freshwater carp | rohu chepala pulusu | rohu fry,kg,0,2,90,Refrigerated,0.5,0.5,2.0,Select firm scale carps with red gills.,Rohu Chepala Pulusu | Chepala Vepudu,Kharif | Rabi,8,1,
QTY-AP-FIS-0106,Catla (Bocche),Fish (Catla),బొచ్చె,कातला मछली,Fish,Freshwater,Catla | Bocche | Botche | Catla Fish,freshwater catla | catla pulusu | catla fry,kg,0,2,90,Refrigerated,0.5,0.5,2.0,Select heavy freshwater carps with silver skin.,Chepala Pulusu | Fish Fry,Year-Round,8,1,
QTY-AP-FIS-0107,Sea Bass (Pandugappa),Fish (Pandugappa),పండుగప్ప,भेटकी मछली,Fish,Marine,Sea Bass | Pandugappa | Bhetki Fish | Barramundi,brackish water fish | barramundi pulusu | pandugappa fry,kg,0,2,90,Refrigerated,0.5,0.5,2.0,Choose shiny scales and clear eyes.,Pandugappa Pulusu | Pandugappa Vepudu,Year-Round,8,2,
QTY-AP-FIS-0108,Pomfret White,White Pomfret,తెల్ల చందమామ,सफ़ेद पाम्फ्रेट,Fish,Marine,White Pomfret | Tella Chandamama | Safed Pomfret,premium marine fish | pomfret fry | pomfret curry,kg,0,2,90,Refrigerated,0.4,0.25,1.5,Select firm flat white pomfrets.,Pomfret Fry | Pomfret Curry,Year-Round,9,2,
QTY-AP-FIS-0109,Pomfret Black,Black Pomfret,నల్ల చందమామ,काला पाम्फ्रेट,Fish,Marine,Black Pomfret | Nalla Chandamama | Kala Pomfret,black pomfret fry | pomfret curry,kg,0,2,90,Refrigerated,0.4,0.25,1.5,Choose dark-skinned pomfrets.,Pomfret Fry | Pomfret Curry,Year-Round,8,2,
QTY-AP-FIS-0110,Anchovy (Nethallu),Fish (Nethallu),నెత్తళ్లు,नेथली मछली,Fish,Marine,Anchovy | Nethallu | Nethilli | Small Fish,small fish fry | netthalla pulusu | dry nethallu,kg,0,2,90,Refrigerated,0.3,0.25,1.0,Select shiny silver small fresh fish.,Nethallu Fry | Nethalla Pulusu,Year-Round,7,2,
QTY-AP-FIS-0111,Mackerel (Kanagarthalu),Mackerel,కణగర్తలు,बांगड़ा मछली,Fish,Marine,Mackerel | Kanagarthalu | Bangda Fish,mackerel fry | sea fish curry,kg,0,2,90,Refrigerated,0.4,0.25,1.5,Select firm oily fish with shiny skin.,Mackerel Fry | Curry,Year-Round,7,2,
QTY-AP-SAF-0112,Tiger Prawns (Royyalu),Prawns (Royyalu),రొయ్యలు,झींगा मछली,Seafood,Shellfish,Tiger Prawns | Royyalu | Prawns | Shrimp | Jheenga | Prawns,tiger prawns | royyala iguru | prawns fry | pacchi royyalu,kg,0,2,90,Refrigerated,0.4,0.25,1.5,"Ensure shells are firm and translucent, not grey/soft.",Royyala Iguru | Royyala Fry | Royyala Pappu,Year-Round,10,1,
QTY-AP-SAF-0113,Mud Crab (Peethalu),Crab (Peethalu),పీతలు,केकड़ा,Seafood,Shellfish,Mud Crab | Peethalu | Crab | Crabs | Kekda | Crab,mud crab | peethala pulusu | crab curry | fresh crab,kg,0,2,90,Refrigerated,0.5,0.5,2.0,"Choose heavy hard-shelled crabs, fresh chilled.",Peethala Pulusu | Crab Fry,Kharif,8,2,
QTY-AP-SAF-0114,Squid (Kalamari),Squid,కలామరి,स्क्विड,Seafood,Shellfish,Squid | Kalamari | Calamari | Kanava,squid ring | squid fry | Calamari,kg,0,2,90,Refrigerated,0.3,0.25,1.0,Clean white firm squid tubes.,Squid Fry | Squid Masala,Year-Round,7,2,
QTY-AP-SAF-0115,Lobster,Lobster,సముద్ర రొయ్య,झींगा केकड़ा,Seafood,Shellfish,Lobster | Sea Prawn Large | Samudra Royya,lobster grill | large lobster tail,kg,0,2,90,Refrigerated,0.5,0.5,2.0,Select heavy live or fresh chilled lobsters.,Grilled Lobster | Curry,Year-Round,6,2,
QTY-AP-EGG-0116,White Broiler Egg,White Broiler Egg,ఫారం కోడి గుడ్డు,सफ़ेद अंडा,Eggs,Avian Eggs,White Broiler Egg | Farm Guddu | Broiler Egg | Anda | Farm Egg | Eggs,poultry egg | boiled egg | egg curry | egg porutu | guddu pulusu,unit,14,30,NULL,Refrigerated,6.0,6.0,30.0,"Standard farm eggs, shells clean and uncracked.",Egg Curry | Egg Porutu | Boiled Eggs,Year-Round,10,1,
QTY-AP-EGG-0117,Country Chicken Egg,Country Chicken Egg,నాటు కోడి గుడ్డు,देशी अंडा,Eggs,Avian Eggs,Country Chicken Egg | Natu Kodi Guddu | Desi Anda,country egg | organic egg | natu kodi egg,unit,10,30,NULL,Refrigerated,4.0,4.0,12.0,"Smaller brownish eggs, clean shells.",Guddu Pulusu | Boiled Egg | Omelette,Year-Round,9,1,
QTY-AP-EGG-0118,Duck Egg,Duck Egg,బాతు గుడ్డు,बतख का अंडा,Eggs,Avian Eggs,Duck Egg | Batu Guddu | Batakh Anda,duck egg | boiled duck egg | rich egg,unit,10,30,NULL,Refrigerated,4.0,4.0,12.0,"Larger eggs, slightly oily shells.",Egg Curry | Boiled Egg,Year-Round,6,2,
QTY-AP-EGG-0119,Quail Egg,Quail Egg,కౌజు పిట్ట గుడ్డు,बटेर का अंडा,Eggs,Avian Eggs,Quail Egg | Kowju Pitta Guddu | Bater Anda,small eggs | boiled quail egg,unit,10,30,NULL,Refrigerated,6.0,6.0,24.0,Tiny speckled shells.,Boiled Snack | Garnish,Year-Round,5,2,
